play_id,ExitVelocity,HitDistance,LaunchAngle,Year,PlayerName
100000,0.0,0,2,2025,Curtis Mead
100001,0.0,0,0,2025,Cam Eden
100002,0.0,0,2,2025,Tyler Heineman
100003,0.0,0,0,2025,Vladimir Guerrero Jr.
024bfb83-1150-47a1-9d40-af43772fca53,0.0,0,2,2025,George Springer
02805151-f75b-4165-9654-54a3f9efea24,0.0,0,2,2025,Matt Chapman
0367dd89-fb5d-4376-86fb-76ab218e9bf9,0.0,0,4,2025,Isaac Paredes
04be6673-ba43-4635-9286-13c89be807fe,0.0,0,2,2025,Manuel Margot
05c1c79e-80a8-4ee3-9c14-74b2c25ace99,0.0,0,2,2025,Kevin Kiermaier
06e7ec0a-6775-45fb-9f46-e529cbf2c1aa,0.0,0,2,2025,Kevin Kiermaier
07168e62-91eb-4e50-a361-c203ce056fd1,0.0,0,2,2025,Manuel Margot
08fabe83-ef7b-42ab-8256-f1144a0d6ff7,0.0,0,4,2025,Daulton Varsho
0a00f52e-045f-43bb-b820-1818f579276f,0.0,0,2,2025,Junior Caminero
0a27e77d-8881-4f7e-87c1-6edf2875074a,0.0,0,2,2025,Matt Chapman
0e40a291-af03-4982-a72f-c50cdfbc8a36,0.0,0,2,2025,Matt Chapman
0e70c5bc-a460-4678-9386-bafc380013cb,0.0,30,0,2025,Christian Bethancourt
0e8ca3dd-98d5-4025-995c-c9d0bf7b7373,0.0,0,2,2025,Matt Chapman
108174ec-4c45-42fe-99ad-3345af62262c,0.0,0,0,2025,Whit Merrifield
108dcef2-496b-4248-bf43-dad03c84fcd7,0.0,0,2,2025,Manuel Margot
120347e5-b27c-4a95-ac9b-a291a879bc30,0.0,0,2,2025,Kevin Kiermaier
14133b49-094c-4102-beaf-8d0d9d9321c0,0.0,0,2,2025,George Springer
1421aabe-7063-4902-9a46-4b2c239394cb,0.0,0,2,2025,George Springer
14824331-77b0-4de7-84ab-1096ad1f45a4,0.0,0,4,2025,Daulton Varsho
159295a3-8ed4-4499-9b01-b3f6f73634e9,0.0,0,2,2025,Jonathan Aranda
167b7469-6677-45b7-832d-37212026279c,0.0,0,4,2025,Bo Bichette
1707840e-0a5e-4460-9c02-7f8e3f28efa3,0.0,0,0,2025,Whit Merrifield
17eec1a6-a426-4d21-9bf2-62aade71e77e,0.0,0,0,2025,Santiago Espinal
18a2e76f-80f2-4265-ac8e-2ea1dae4a726,0.0,0,2,2025,Matt Chapman
1a351577-6975-4fa4-b15e-d45ff28985aa,0.0,0,0,2025,Whit Merrifield
1b1f60c2-b8c2-42f6-87c7-583b3d342698,0.0,0,4,2025,Bo Bichette
1b3f7a4a-f025-4278-9bbc-db890617e22f,0.0,0,2,2025,Kevin Kiermaier
1bdeeb30-af2f-4433-a03d-a59e988e0013,0.0,0,0,2025,Alejandro Kirk
1c704b0f-6cf5-4209-b188-5a5df64e74ec,0.0,0,2,2025,Manuel Margot
1d4708fe-6c91-4fa9-bc30-79e8d9f72395,0.0,0,4,2025,Daulton Varsho
2024efdc-c86d-49e2-b4d5-55cfa6ddc540,0.0,0,2,2025,Davis Schneider
21cbeac6-f427-412d-adfb-99c2f355edf2,0.0,0,2,2025,George Springer
22054e9e-118e-4281-96fc-7aa315359d0d,0.0,0,2,2025,Manuel Margot
23932a67-c52f-4997-9cd2-23c9472258fb,0.0,0,0,2025,Alejandro Kirk
244417f7-394a-45ac-b4c8-9075e40f3dc9,0.0,0,2,2025,George Springer
24823d1c-bf62-4763-90b3-b5abc4708897,0.0,0,2,2025,Kevin Kiermaier
25bfe1eb-ec05-4ac1-8a73-e8172b850e29,0.0,0,2,2025,Kevin Kiermaier
28174ae0-3587-4cdd-b653-3a10023f9aab,0.0,30,2,2025,Josh Lowe
288b7e2c-87ad-4d2d-8a00-d138e4f40d84,0.0,0,2,2025,George Springer
29a603eb-48e1-4bfb-bc24-404d16c3822e,0.0,0,2,2025,George Springer
2a42fb47-c3a8-42d0-b5e4-870e846889ea,0.0,0,2,2025,George Springer
2a750fc0-5fa4-49a3-b162-eaf65f58aca2,0.0,0,2,2025,Matt Chapman
2bc0bd9a-12d2-4162-a47e-bcddfaf60430,0.0,0,2,2025,George Springer
2bc85155-4da1-4c27-9a58-f911452d5a17,0.0,0,2,2025,Manuel Margot
2c88ed6d-bd9d-4d78-b0f0-2b352cfb393d,0.0,0,2,2025,George Springer
2d6363ad-8ff2-49cc-bf21-d8cdfdc55999,0.0,0,2,2025,George Springer
2fa0afdd-52be-41c0-b39a-68f85ebee035,0.0,0,2,2025,Davis Schneider
307d1887-17f4-42fe-b6df-c83307f1df73,0.0,0,0,2025,Cavan Biggio
316d51e4-94c9-4d6c-9a13-0acd36683a50,0.0,0,2,2025,George Springer
324c977e-6c1d-41e5-a01b-2e65defc278e,0.0,0,2,2025,Matt Chapman
33aad4fc-b648-4c5d-bc0e-2c2151b97ffd,0.0,0,2,2025,George Springer
345fff70-3320-409e-a5cf-b8a782c529c0,0.0,0,4,2025,Daulton Varsho
36ba9d75-9463-4ce4-a106-0859c0fb0c50,0.0,0,2,2025,Kevin Kiermaier
3884da2a-2510-4adb-aa02-4ecec65ec78a,0.0,0,4,2025,Daulton Varsho
396095c0-ce0a-44d9-a0ad-3e87cf1778c3,0.0,0,2,2025,Matt Chapman
3a1e5d8d-21f0-4c5d-934d-1d0952a303c0,0.0,0,2,2025,George Springer
3b8c2ee2-42f4-4549-ab26-5638f6353c54,0.0,0,2,2025,Matt Chapman
3c547b1a-ed5e-4360-85a2-1c903cd1130b,0.0,30,0,2025,Yandy Díaz
3cde247f-1d4a-44f0-93c8-dca8b89bc290,0.0,0,2,2025,George Springer
3e999218-cf4c-412c-b423-3adf57e64ef8,0.0,0,4,2025,Isaac Paredes
3eb49d9f-d007-4da1-a75b-774f0e8bf08e,0.0,0,2,2025,George Springer
3effc00c-d269-4924-be27-8029d6d72694,0.0,0,2,2025,Davis Schneider
408d6a3f-f086-435a-8316-803920e32e4b,0.0,0,2,2025,George Springer
45dd6dba-aeb5-4d49-af01-c07fd32c54b4,0.0,0,2,2025,Matt Chapman
474f3802-3415-499b-80c7-00cc39545fdb,0.0,0,0,2025,Santiago Espinal
4754d193-75de-40cb-999b-325fc7fbd318,0.0,0,2,2025,Kevin Kiermaier
4772db01-e71b-40b0-9546-8e224d12643b,0.0,0,2,2025,Davis Schneider
47acaf6f-fb0c-4951-958b-76049411cfda,0.0,0,2,2025,George Springer
484fbb6c-29dd-4a97-9ac6-bc6290f433cb,0.0,0,2,2025,George Springer
4941c3e1-b783-413c-9c1e-d93fb2cf96c3,0.0,0,4,2025,Daulton Varsho
49a00a9b-21c2-4706-988c-99c194721297,0.0,0,2,2025,George Springer
4a2ecfc7-5423-44ac-b4b1-d424a1a10413,0.0,0,2,2025,George Springer
4ad0bb4c-b241-4f8e-a4d5-d36b1b8a23ab,0.0,0,2,2025,Davis Schneider
4c1d65c3-742a-44e1-b854-ec6679929b96,0.0,0,2,2025,Kevin Kiermaier
4c3a080d-e8dd-474e-add0-780f45d59369,0.0,0,0,2025,Whit Merrifield
4c3bf713-02aa-4a0b-9632-a351e789251f,0.0,0,2,2025,Kevin Kiermaier
4c7d1465-51b0-452e-a3fe-406556a3f0df,0.0,0,2,2025,Manuel Margot
4c808377-d855-4aac-930d-431304466a73,0.0,0,2,2025,Manuel Margot
4dcb8e26-b2a3-433f-8135-4519ba46ec82,0.0,30,0,2025,Yandy Díaz
4fc6a087-f74b-446a-b09e-1f115c2c809b,0.0,0,2,2025,Kevin Kiermaier
50227f4e-077e-4d89-b8e4-42bd296c7a43,0.0,30,0,2025,Christian Bethancourt
53cdf2e2-6973-48db-b279-82d23065b7c4,0.0,0,4,2025,Isaac Paredes
548b98dc-f2de-491a-bfb0-170244829bb2,0.0,0,2,2025,Kevin Kiermaier
54d1d2fa-4212-480f-ac8e-b8d5e7fa6475,0.0,0,2,2025,Matt Chapman
554e843f-022f-4da3-af76-c9c5287d8792,0.0,0,4,2025,Isaac Paredes
56013f2a-a2ee-4a84-8d88-49965a84a7c8,0.0,0,0,2025,Whit Merrifield
5638662a-71a1-4fa7-b2f5-45a06e526c05,0.0,30,0,2025,Yandy Díaz
56942794-f417-4523-85e9-b88ed21c74cc,0.0,0,4,2025,Isaac Paredes
56b2f644-2548-4303-9f46-c078a38fb5ed,0.0,0,0,2025,Cavan Biggio
59f45037-59df-4b0c-aecc-db9469b20d08,0.0,30,0,2025,Yandy Díaz
5ba4f9c3-1f85-4578-a391-0ea78bd349f5,0.0,0,2,2025,Harold Ramírez
5c131b71-04c7-4b23-8e92-abb38a0d9b15,0.0,0,2,2025,George Springer
5d0f6bef-296e-4d0e-af55-fc04ab09429d,0.0,0,0,2025,Whit Merrifield
5ee130b3-3b7c-4e00-8cc4-d7ce478c69f2,0.0,0,2,2025,George Springer
603edfe1-1f24-4b0a-8a56-c54b7e440864,0.0,0,2,2025,George Springer
61ff2631-740d-4b58-8985-0ac7450a48a8,0.0,0,2,2025,George Springer
6261356d-1b98-4367-912c-a70252f30f69,0.0,0,2,2025,Matt Chapman
630d5c5e-ae1b-4bf4-9044-3a13471d6a77,0.0,0,4,2025,Isaac Paredes
65eab558-4714-484f-9a02-a89115d434e3,0.0,0,0,2025,Alejandro Kirk
669b4a16-cb3a-4fbf-97ac-bd959e15f74f,0.0,0,4,2025,Daulton Varsho
670e7ba9-7a5f-4024-b9f0-9fc7ce2f602a,0.0,0,2,2025,George Springer
68b28ea4-30fe-4700-a61d-30b4787e8218,0.0,0,0,2025,Cavan Biggio
68fac7c3-d135-4f30-90fd-92e9c37a51a1,0.0,0,4,2025,Bo Bichette
6992d968-80c8-4e3e-a017-4704f4c5925a,0.0,30,0,2025,Yandy Díaz
69d751cd-b3c4-4142-86f1-172799149692,0.0,0,2,2025,Matt Chapman
69dd683b-9264-4045-aa39-cd85a914bc2e,0.0,0,2,2025,George Springer
69e6d666-f328-446c-bd8e-3372719b8f6b,0.0,0,0,2025,Whit Merrifield
6bb0a712-7fe7-43f5-a2df-2d6022b93b12,0.0,0,2,2025,George Springer
6bb1b383-891d-4fd5-b256-94ac7f0fdead,0.0,0,2,2025,George Springer
6d40db3e-7181-4096-b1c1-198c63ab5bb8,0.0,0,2,2025,Kevin Kiermaier
6e6a102d-2b95-46d5-83ac-f29a3e36f219,0.0,0,2,2025,Kevin Kiermaier
6ef9a398-0415-43c3-ac67-807bbc583d6a,0.0,0,2,2025,George Springer
700a4325-9e4e-461d-8295-6dce2ec671b7,0.0,0,2,2025,George Springer
70c073b5-6918-4b32-82d0-6f76b41a5382,0.0,0,2,2025,George Springer
72dfdd9d-70ff-4cbd-a424-dc96d6cf5813,0.0,0,0,2025,Whit Merrifield
7527552f-f38e-40a7-88e3-67613adf4cbe,0.0,0,0,2025,Whit Merrifield
759a858d-4668-4dbc-837a-e8ffdd5c2dbd,0.0,30,2,2025,Josh Lowe
7624ad86-ec6b-4b3d-a86a-8c6477707c19,0.0,0,4,2025,Bo Bichette
7678fba3-3883-4d95-8e29-7046ab342cce,0.0,0,2,2025,Junior Caminero
7748badb-061d-41ec-a51d-605ea77ddf94,0.0,0,2,2025,George Springer
778496a8-0ea7-4f57-bc02-e22ea68d4c87,0.0,30,2,2025,Josh Lowe
78c58456-afe9-4593-a1a3-212afcb31e27,0.0,0,2,2025,George Springer
796b4d27-aaeb-4b0f-94fd-c5b24af3e3fd,0.0,0,2,2025,Matt Chapman
7d0a6f11-f324-41af-a0fb-aeedea7992de,0.0,0,2,2025,Matt Chapman
7d109f7e-9662-4ff1-b40b-1d70bc00c694,0.0,0,2,2025,George Springer
7d8391cd-dd31-46b9-a77b-b3a976cf8756,0.0,0,2,2025,George Springer
7de7306a-6a94-438c-bd1b-89c2ea942866,0.0,0,2,2025,Kevin Kiermaier
7e3476cb-cd99-451c-9078-81a46e3780e3,0.0,0,2,2025,Kevin Kiermaier
81bcc83d-f799-4987-aaad-97beb93c748d,0.0,0,0,2025,Whit Merrifield
85b61b30-ce02-4624-8b18-2cc8f048ed2d,0.0,0,2,2025,Matt Chapman
86a6bddb-4e18-4003-bc0b-dec4a34a8b03,0.0,0,2,2025,George Springer
88a953ff-849e-4523-9c2a-85565cb3cd78,0.0,0,2,2025,Matt Chapman
89291cd2-0a9f-40d7-abca-75c4b041bae9,0.0,30,0,2025,Christian Bethancourt
89782093-f053-416f-9d9d-794e33b37fe4,0.0,0,4,2025,Isaac Paredes
8a42ac89-dcf7-4cae-9850-4eb32363a898,0.0,0,2,2025,Davis Schneider
8a8cf5be-f65a-4af2-93cd-d9c1d19d8c23,0.0,0,2,2025,George Springer
8b4b3e86-d8df-4d28-8ef9-a653cb3b23a4,0.0,0,4,2025,Isaac Paredes
8cb5b6c0-d509-439b-90be-783ad13e6097,0.0,0,2,2025,Matt Chapman
8daf79a2-a0ca-44a2-b2c9-eb808f8b4dea,0.0,0,4,2025,Isaac Paredes
8e631f4d-0254-48ec-9f1a-fc5cacee273f,0.0,0,4,2025,Isaac Paredes
8e65e649-9963-46ad-ad61-d98637343e20,0.0,0,0,2025,René Pinto
8f04f41d-afec-4e5a-986d-e012caacafaa,0.0,0,2,2025,Kevin Kiermaier
9025b876-b34b-452d-a752-bc5e6503dfd0,0.0,0,2,2025,Davis Schneider
90631049-3b02-40a1-b85f-6b7b7afb6d71,0.0,0,0,2025,Whit Merrifield
9221b582-3969-4368-9a57-bad45f08692b,0.0,0,2,2025,George Springer
93d24c90-3364-4c16-8f30-92ffed660b19,0.0,0,2,2025,Matt Chapman
94004695-09e4-4744-bb19-533edf07cc93,0.0,0,2,2025,George Springer
960fc258-a698-4cc2-b3c9-9b14b67c8016,0.0,0,2,2025,Manuel Margot
984bc3d4-37ec-4b9a-8089-dcaec7053728,0.0,0,0,2025,Whit Merrifield
9942d524-8ae8-4678-8709-229971a40762,0.0,30,0,2025,Christian Bethancourt
9cc7cb5d-f2af-4127-ae38-ca605114fc7a,0.0,0,2,2025,George Springer
9d5a5749-0cb6-4719-aa20-4ea4b10bd94a,0.0,0,2,2025,George Springer
a003aef2-46c9-4e5b-8ace-fd01131b6ef8,0.0,0,2,2025,Manuel Margot
a252ac11-b640-4f21-b968-7d9d0d7185a1,0.0,0,2,2025,George Springer
a2b9c72c-f8d1-4327-887d-aa51d58ac5ee,0.0,30,0,2025,Christian Bethancourt
a64c9be4-efb1-42fc-9454-8634ca565881,0.0,30,2,2025,Josh Lowe
a673a643-6e40-40b7-a9c4-5d727a75af06,0.0,0,2,2025,Kevin Kiermaier
a6d43df0-5a19-4df5-8aaf-31b1d52d3c77,0.0,0,2,2025,Matt Chapman
a730a643-68a4-4fd0-9b40-5926aad00e75,0.0,0,4,2025,Daulton Varsho
a945d7d4-6b6d-4ff4-8790-9bfb8ccddace,0.0,0,0,2025,Alejandro Kirk
a9ca4c31-621d-4079-ab39-f151ef91337e,0.0,30,0,2025,Christian Bethancourt
a9fcd0b1-acc2-447c-9648-315de80d4068,0.0,0,4,2025,Daulton Varsho
aa92c53f-5e86-4a38-97b2-09ae1250bfda,0.0,0,4,2025,Isaac Paredes
aacc85a8-93a0-4c03-b3a5-99707e27b917,0.0,0,0,2025,Santiago Espinal
ab01f66e-d041-4303-9ba8-c481d77174df,0.0,0,0,2025,Whit Merrifield
abbc0e54-3833-47d5-a260-e1980141a64a,0.0,0,2,2025,George Springer
acd071a1-f19f-4f4e-b350-9b1521be2a2a,0.0,0,2,2025,Matt Chapman
ad48e5c8-7391-4059-b260-3c0ad0bd814a,0.0,0,4,2025,Daulton Varsho
adc4b28e-e3b9-4bd2-92f2-6d4e0fe0c70c,0.0,0,2,2025,George Springer
ae095ed0-22f1-44d5-8401-089d0414db56,0.0,0,2,2025,George Springer
ae86466d-a9aa-49e3-9e71-5e4226f5f8f1,0.0,0,2,2025,George Springer
aef7c6ae-ef55-478f-9fe9-925751a5913b,0.0,30,2,2025,Josh Lowe
af96564b-e2c9-4cd0-b81c-55f84b25c3dc,0.0,0,2,2025,Matt Chapman
af9d1a5c-f44a-442b-bf12-1515d4c1d91f,0.0,0,2,2025,George Springer
b1cb40a3-6ecf-4449-8510-b7bbc43fdad0,0.0,0,0,2025,Cavan Biggio
b36c8b44-1287-40de-ae77-1104053451e1,0.0,0,0,2025,Santiago Espinal
b3ef5c25-782d-494a-bbfd-fe52d978668a,0.0,30,0,2025,Christian Bethancourt
b542c95a-14c2-49fa-a49f-b17e0e66c5e5,0.0,0,4,2025,Isaac Paredes
b7e98fe0-3630-48e1-af9f-54307bbc3f4c,0.0,0,2,2025,Jonathan Aranda
b8315491-740b-45e8-a156-45228c9a1871,0.0,0,2,2025,Manuel Margot
b839ade3-6d71-44e3-8c9a-5dafeda7b500,0.0,30,0,2025,Yandy Díaz
b9b6e1b9-00e8-4adc-9b87-4a456756f206,0.0,0,2,2025,Davis Schneider
b9d75a4a-42c0-46ff-ba16-22790f5593c9,0.0,0,2,2025,Davis Schneider
bbdbc582-bd2e-4f1b-ba57-cc868c4cef0b,0.0,30,2,2025,Josh Lowe
bd22702e-aea1-480a-94f2-ecf8a24cb6fc,0.0,0,2,2025,Taylor Walls
bdb4a4ec-f360-43a9-bc7b-15687223ddca,0.0,0,2,2025,Manuel Margot
c0353c1b-389d-40a1-bdad-4accdc96dd84,0.0,0,2,2025,Kevin Kiermaier
c18e8d44-4f47-4b63-9c23-331a17cbe83d,0.0,0,2,2025,Davis Schneider
c2535c3f-3661-4105-befb-e1a22ca1e5a4,0.0,30,0,2025,Yandy Díaz
c275bd25-1834-4b71-8ed6-febdc4835297,0.0,0,2,2025,Manuel Margot
c2cfad55-a088-42c4-b818-70e92e4788fe,0.0,0,2,2025,Matt Chapman
c2f08f75-860d-440d-99ba-7708a34433cb,0.0,0,0,2025,Santiago Espinal
c361a24c-4de5-4e15-b37f-30b31222087d,0.0,0,2,2025,Junior Caminero
c3f0dcc2-bcc4-4aec-804c-6e42718c9b74,0.0,0,2,2025,Kevin Kiermaier
c40f309b-edc3-4c5f-a88a-e856d2cec657,0.0,0,4,2025,Isaac Paredes
c4fb6b83-32e9-4a68-b99f-0397b5543ce4,0.0,0,2,2025,George Springer
c52fa09a-5dd5-4081-a25a-d52e1045144a,0.0,0,2,2025,Matt Chapman
c69b10a0-f763-4efa-a1aa-b073a4e8cf4d,0.0,0,2,2025,George Springer
c758f75a-4320-4dd0-ab60-9b34569b6de3,0.0,30,0,2025,Yandy Díaz
c8dd5e5c-57b0-44ec-a93e-abfb1e433181,0.0,30,0,2025,Yandy Díaz
c9ecf92e-a420-475f-8efd-db8a2166ef20,0.0,0,0,2025,Santiago Espinal
cb8ae22f-59b6-4cfb-8114-c4aa229718fe,0.0,0,2,2025,Jonathan Aranda
cbc0eb88-a0e4-47e1-bd06-f3957b3c6fe8,0.0,0,2,2025,Matt Chapman
cbeb1ed3-a884-4be4-aa8b-987e78824e56,0.0,0,2,2025,Manuel Margot
ccd5339c-7975-40a4-b2cf-aa9859b7c2cb,0.0,0,2,2025,Manuel Margot
cdc65152-89fe-443c-b849-673b49a80d53,0.0,0,2,2025,Matt Chapman
ce975e61-c55b-4eed-a92a-29d9984d6695,0.0,0,2,2025,George Springer
ceb8abcc-4c7b-4d52-b3cd-3244eebbecbe,0.0,0,2,2025,Matt Chapman
ceb9f558-8c00-4209-a933-d4a67f90200e,0.0,0,2,2025,Kevin Kiermaier
cf83fb1e-a98a-41ae-b011-5b50de09ddac,0.0,0,2,2025,George Springer
cf85356c-fcf3-4af4-b323-072bbccf4f41,0.0,0,4,2025,Daulton Varsho
d173733e-cb6d-4b85-8d37-6339c6bd226a,0.0,0,2,2025,Matt Chapman
d26ae2e6-e8c1-4da9-8a48-4c96e3f73c4d,0.0,0,0,2025,René Pinto
d32ee8a5-96e7-4a03-9ccc-a9b8c967fcc1,0.0,30,2,2025,Josh Lowe
d3b9770e-48e5-4b0c-9182-8790ceb905dd,0.0,0,2,2025,Davis Schneider
d49810c7-5c15-42ec-ae6c-6aff5870f36f,0.0,0,2,2025,Matt Chapman
d5cf1535-f229-4eda-b55a-5892cca83b5e,0.0,30,2,2025,Josh Lowe
d66aff09-d97e-4884-9ea6-1521c87e8092,0.0,0,2,2025,Kevin Kiermaier
d6b4995f-3387-4737-86a4-61672583c9e6,0.0,0,0,2025,Santiago Espinal
da7e62a8-ceae-4df7-9f2f-1278ce678638,0.0,0,2,2025,Kevin Kiermaier
daf00ea8-db3c-4e50-a44c-17623b6778ed,0.0,0,2,2025,George Springer
db3cce1b-6c8a-4b55-8bfe-c278bdb0c62b,0.0,0,4,2025,Isaac Paredes
dc69d50b-5ade-4059-8cda-9a8d4bca4aaa,0.0,0,2,2025,George Springer
dee088a9-450d-4bfe-8c94-96e9157ab2d6,0.0,0,2,2025,Junior Caminero
df3edaea-953d-4893-95d2-3952858761d9,0.0,0,2,2025,George Springer
df60dce4-4dae-43b4-b980-d6166192fc51,0.0,0,2,2025,Kevin Kiermaier
dffff71d-afb1-4b5b-9569-6ba342c117ba,0.0,0,2,2025,George Springer
e08af96b-939c-4b33-9c77-06d1baad198d,0.0,30,0,2025,Christian Bethancourt
e2034def-c344-4afc-b027-d93b66fd946e,0.0,0,2,2025,George Springer
e2731878-e3ac-428b-9b21-d92350c1a6ce,0.0,0,4,2025,Daulton Varsho
e33eb4c3-a4bb-4b82-be35-c074c7b2b498,0.0,0,4,2025,Daulton Varsho
e349b31f-02f3-4471-9930-b7ed88ab27b9,0.0,30,0,2025,Yandy Díaz
e3eba4fb-1f7c-41a5-9891-6a7b3cef7f85,0.0,30,0,2025,Christian Bethancourt
e4702965-26e4-4f70-a446-8333844af5b2,0.0,0,2,2025,George Springer
e4c370ea-c856-4bcf-bb1c-b05302a63c4f,0.0,30,2,2025,Josh Lowe
e52c6656-d4d0-452d-8b22-04f0a8726c02,0.0,0,2,2025,George Springer
e5a62aa4-31ce-423f-b911-35b8866b81e9,0.0,0,2,2025,George Springer
e7062005-39e1-4583-9322-dcf73df6c269,0.0,0,2,2025,George Springer
e8abe3c0-0a73-42c2-8955-d79b0f261ae1,0.0,0,2,2025,George Springer
e8c3283c-d4e8-4667-92ca-036e457a6659,0.0,0,0,2025,Whit Merrifield
e8fcb50b-83f9-4da2-9582-4672d6959fcf,0.0,0,2,2025,Matt Chapman
ec258d79-4f4f-4e41-9d15-53960d593f8c,0.0,0,0,2025,Whit Merrifield
ec58dfe0-c13c-45fd-9b29-da6dcca66898,0.0,0,2,2025,George Springer
ecaca6b7-8343-41e3-8f7f-2e5c89ba0d67,0.0,0,2,2025,George Springer
ecf65804-14ca-48db-839c-b3544e26ba99,0.0,0,0,2025,Whit Merrifield
ed3eaedf-329e-45fe-b687-54e287f3b963,0.0,30,0,2025,Christian Bethancourt
ee472f70-a8b1-44d8-8aea-bd47259bd18f,0.0,30,0,2025,Yandy Díaz
f06bc094-78af-4b21-ac95-ab6360bbd9b9,0.0,30,0,2025,Yandy Díaz
f0d12cd6-e0ac-4cfc-b794-6d1caf470e18,0.0,0,2,2025,Kevin Kiermaier
f0e5cb38-a660-4bf4-96b1-4be46b27adb8,0.0,0,2,2025,Jonathan Aranda
f14d6c63-77cb-456a-aeed-928298b20b5a,0.0,0,2,2025,Manuel Margot
f1b23f9d-1616-4890-a301-16bd6133e5d0,0.0,0,4,2025,Isaac Paredes
f1fa61d4-7a01-4938-89fd-0a0e4d06c26e,0.0,0,0,2025,Whit Merrifield
f1fafa5a-1bc6-4d2f-b212-31d6398c1bb7,0.0,0,2,2025,Matt Chapman
f2cb2a22-d377-4d8e-bbc4-9622292cb83e,0.0,0,0,2025,Alejandro Kirk
f4030484-d53d-4f01-8207-e093d07730c2,0.0,0,4,2025,Isaac Paredes
f4180926-bba9-4c69-a953-7cf9b14f4109,0.0,0,2,2025,George Springer
f4a1f248-ab75-40e6-940b-e2a3b62f93b4,0.0,0,2,2025,Jonathan Aranda
f52527ff-bfc6-4817-b9ba-1e5f590c7575,0.0,0,0,2025,Raimel Tapia
f65af2da-18a7-4250-a7a1-58fec7433616,0.0,0,2,2025,George Springer
f68fffa8-a234-4001-a758-9312b3251f8d,0.0,0,2,2025,Matt Chapman
f74d70bc-aa79-486e-8d04-02edcabbe428,0.0,0,2,2025,George Springer
fb449a8b-b81a-4587-afb4-497dbf05b79e,0.0,0,2,2025,George Springer
fc8f82fa-fd74-48bd-bdfc-2b9aa5eab764,0.0,0,4,2025,Daulton Varsho
fcb27aeb-4b9b-4868-95f6-e73cfcf2b289,0.0,0,2,2025,George Springer
fe6a895a-c3ea-4814-8bd6-ad64f5d06e6a,0.0,0,0,2025,Santiago Espinal
feb29365-5b46-48bb-83f2-5c14388e034e,0.0,0,2,2025,George Springer
feea7130-9844-4a44-a16d-1cd6f8353cde,0.0,0,2,2025,Davis Schneider
feec300b-10e7-46d1-86f5-7b28ff5ae6ca,0.0,0,0,2025,Whit Merrifield
ffa544a9-33ab-443e-a125-f8442d897e2f,0.0,0,0,2025,Whit Merrifield
